_time	op_code	version	event_id	record_id	error_code	process_pid	_insert_time	time_created	process_thread_id	_collection_timestamp	_id	_tag	task	user	opcode	_vendor	channel	message	_product	_raw_log	keywords	_raw_json	host_name	log_level	user_data	_device_id	event_data	os_subtype	activity_id	process_cmd	process_md5	event_action	event_result	process_name	process_path	computer_name	provider_guid	provider_name	process_sha256	_collector_type	_broker_hostname	_broker_device_id	_broker_ip_address	_broker_device_name	_reporting_device_ip	_reporting_device_name	_final_reporting_device_ip
Jun 02 2026 03:40:48	0	2	4688	3750954		4	Jun 02 2026 03:41:06	Jun 02 2026 03:40:48	14848	1780389666524	LVYHauViDRnHaDRXECMd6Q==:0:897:1170		Process Creation		Info	Microsoft	Security	"A new process has been created.

Creator Subject:
	Security ID:		S-1-5-21-442726818-2160565561-3997648070-1395627
	Account Name:		U589178
	Account Domain:		ADHCSCINT
	Logon ID:		0x21FA6D

Target Subject:
	Security ID:		S-1-0-0
	Account Name:		-
	Account Domain:		-
	Logon ID:		0x0

Process Information:
	New Process ID:		0x20fc
	New Process Name:	C:\Program Files (x86)\Citrix\ICA Client\redirector.exe
	Token Elevation Type:	%%1936
	Mandatory Label:		S-1-16-8192
	Creator Process ID:	0x49e8
	Creator Process Name:	C:\Windows\SysWOW64\runonce.exe
	Process Command Line:	""C:\Program Files (x86)\Citrix\ICA Client\redirector.exe"" /startup

Token Elevation Type indicates the type of token that was assigned to the new process in accordance with User Account Control policy.

Type 1 is a full token with no privileges removed or groups disabled.  A full token is only used if User Account Control is disabled or if the user is the built-in Administrator account or a service account.

Type 2 is an elevated token with no privileges removed or groups disabled.  An elevated token is used when User Account Control is enabled and the user chooses to start the program using Run as administrator.  An elevated token is also used when an application is configured to always require administrative privilege or to always require maximum privilege, and the user is a member of the Administrators group.

Type 3 is a limited token with administrative privileges removed and administrative groups disabled.  The limited token is used when User Account Control is enabled, the application does not require administrative privilege, and the user does not choose to start the program using Run as administrator."	Windows	"<Event xmlns='http://schemas.microsoft.com/win/2004/08/events/event'><System><Provider Name='Microsoft-Windows-Security-Auditing' Guid='{54849625-5478-4994-a5ba-3e3b0328c30d}'/><EventID>4688</EventID><Version>2</Version><Level>0</Level><Task>13312</Task><Opcode>0</Opcode><Keywords>0x8020000000000000</Keywords><TimeCreated SystemTime='2026-06-02T08:40:48.5958830Z'/><EventRecordID>3750954</EventRecordID><Correlation/><Execution ProcessID='4' ThreadID='14848'/><Channel>Security</Channel><Computer>PAVW1184.adhcscint.net</Computer><Security/></System><EventData><Data Name='SubjectUserSid'>S-1-5-21-442726818-2160565561-3997648070-1395627</Data><Data Name='SubjectUserName'>U589178</Data><Data Name='SubjectDomainName'>ADHCSCINT</Data><Data Name='SubjectLogonId'>0x21fa6d</Data><Data Name='NewProcessId'>0x20fc</Data><Data Name='NewProcessName'>C:\Program Files (x86)\Citrix\ICA Client\redirector.exe</Data><Data Name='TokenElevationType'>%%1936</Data><Data Name='ProcessId'>0x49e8</Data><Data Name='CommandLine'>""C:\Program Files (x86)\Citrix\ICA Client\redirector.exe"" /startup</Data><Data Name='TargetUserSid'>S-1-0-0</Data><Data Name='TargetUserName'>-</Data><Data Name='TargetDomainName'>-</Data><Data Name='TargetLogonId'>0x0</Data><Data Name='ParentProcessName'>C:\Windows\SysWOW64\runonce.exe</Data><Data Name='MandatoryLabel'>S-1-16-8192</Data></EventData><RenderingInfo Culture='en-US'><Message>A new process has been created.&#x0A;&#x0A;Creator Subject:&#x0A;	Security ID:		S-1-5-21-442726818-2160565561-3997648070-1395627&#x0A;	Account Name:		U589178&#x0A;	Account Domain:		ADHCSCINT&#x0A;	Logon ID:		0x21FA6D&#x0A;&#x0A;Target Subject:&#x0A;	Security ID:		S-1-0-0&#x0A;	Account Name:		-&#x0A;	Account Domain:		-&#x0A;	Logon ID:		0x0&#x0A;&#x0A;Process Information:&#x0A;	New Process ID:		0x20fc&#x0A;	New Process Name:	C:\Program Files (x86)\Citrix\ICA Client\redirector.exe&#x0A;	Token Elevation Type:	%%1936&#x0A;	Mandatory Label:		S-1-16-8192&#x0A;	Creator Process ID:	0x49e8&#x0A;	Creator Process Name:	C:\Windows\SysWOW64\runonce.exe&#x0A;	Process Command Line:	""C:\Program Files (x86)\Citrix\ICA Client\redirector.exe"" /startup&#x0A;&#x0A;Token Elevation Type indicates the type of token that was assigned to the new process in accordance with User Account Control policy.&#x0A;&#x0A;Type 1 is a full token with no privileges removed or groups disabled.  A full token is only used if User Account Control is disabled or if the user is the built-in Administrator account or a service account.&#x0A;&#x0A;Type 2 is an elevated token with no privileges removed or groups disabled.  An elevated token is used when User Account Control is enabled and the user chooses to start the program using Run as administrator.  An elevated token is also used when an application is configured to always require administrative privilege or to always require maximum privilege, and the user is a member of the Administrators group.&#x0A;&#x0A;Type 3 is a limited token with administrative privileges removed and administrative groups disabled.  The limited token is used when User Account Control is enabled, the application does not require administrative privilege, and the user does not choose to start the program using Run as administrator.</Message><Level>Information</Level><Task>Process Creation</Task><Opcode>Info</Opcode><Channel>Security</Channel><Provider>Microsoft Windows security auditing.</Provider><Keywords><Keyword>Audit Success</Keyword></Keywords></RenderingInfo></Event>"	"[""Audit Success""]"		PAVW1184.adhcscint.net	information			"{""SubjectUserSid"":""S-1-5-21-442726818-2160565561-3997648070-1395627"",""SubjectUserName"":""U589178"",""SubjectDomainName"":""ADHCSCINT"",""SubjectLogonId"":""0x21fa6d"",""NewProcessId"":""0x20fc"",""NewProcessName"":""C:\\Program Files (x86)\\Citrix\\ICA Client\\redirector.exe"",""TokenElevationType"":""%%1936"",""ProcessId"":""0x49e8"",""CommandLine"":""\""C:\\Program Files (x86)\\Citrix\\ICA Client\\redirector.exe\"" /startup"",""TargetUserSid"":""S-1-0-0"",""TargetUserName"":""-"",""TargetDomainName"":""-"",""TargetLogonId"":""0x0"",""ParentProcessName"":""C:\\Windows\\SysWOW64\\runonce.exe"",""MandatoryLabel"":""S-1-16-8192""}"					Process Creation	success			PAVW1184.adhcscint.net	{54849625-5478-4994-a5ba-3e3b0328c30d}	Microsoft-Windows-Security-Auditing		WEC	pwauvaapp04.app.hcscint.net	W3NLUUVP	10.139.248.207	pwauvaapp04		PAVW1184.adhcscint.net	10.139.249.103
Jun 02 2026 03:40:43	0	2	4688	114318494		4	Jun 02 2026 03:41:06	Jun 02 2026 03:40:43	24864	1780389666524	LVYHauViDRnHaDRXECMd6Q==:1:897:1170		Process Creation		Info	Microsoft	Security	"A new process has been created.

Creator Subject:
	Security ID:		S-1-5-18
	Account Name:		PAVW78fb$
	Account Domain:		ADHCSCINT
	Logon ID:		0x3E7

Target Subject:
	Security ID:		S-1-0-0
	Account Name:		-
	Account Domain:		-
	Logon ID:		0x0

Process Information:
	New Process ID:		0x5db4
	New Process Name:	C:\Program Files (x86)\Tanium\Tanium Client\TaniumClient.exe
	Token Elevation Type:	%%1936
	Mandatory Label:		S-1-16-16384
	Creator Process ID:	0x5c70
	Creator Process Name:	C:\Program Files (x86)\Tanium\Tanium Client\TaniumClient.exe
	Process Command Line:	""C:\Program Files (x86)\Tanium\Tanium Client\TaniumClient.exe"" -a

Token Elevation Type indicates the type of token that was assigned to the new process in accordance with User Account Control policy.

Type 1 is a full token with no privileges removed or groups disabled.  A full token is only used if User Account Control is disabled or if the user is the built-in Administrator account or a service account.

Type 2 is an elevated token with no privileges removed or groups disabled.  An elevated token is used when User Account Control is enabled and the user chooses to start the program using Run as administrator.  An elevated token is also used when an application is configured to always require administrative privilege or to always require maximum privilege, and the user is a member of the Administrators group.

Type 3 is a limited token with administrative privileges removed and administrative groups disabled.  The limited token is used when User Account Control is enabled, the application does not require administrative privilege, and the user does not choose to start the program using Run as administrator."	Windows	"<Event xmlns='http://schemas.microsoft.com/win/2004/08/events/event'><System><Provider Name='Microsoft-Windows-Security-Auditing' Guid='{54849625-5478-4994-a5ba-3e3b0328c30d}'/><EventID>4688</EventID><Version>2</Version><Level>0</Level><Task>13312</Task><Opcode>0</Opcode><Keywords>0x8020000000000000</Keywords><TimeCreated SystemTime='2026-06-02T08:40:43.6512790Z'/><EventRecordID>114318494</EventRecordID><Correlation/><Execution ProcessID='4' ThreadID='24864'/><Channel>Security</Channel><Computer>PAVW78fb.adhcscint.net</Computer><Security/></System><EventData><Data Name='SubjectUserSid'>S-1-5-18</Data><Data Name='SubjectUserName'>PAVW78fb$</Data><Data Name='SubjectDomainName'>ADHCSCINT</Data><Data Name='SubjectLogonId'>0x3e7</Data><Data Name='NewProcessId'>0x5db4</Data><Data Name='NewProcessName'>C:\Program Files (x86)\Tanium\Tanium Client\TaniumClient.exe</Data><Data Name='TokenElevationType'>%%1936</Data><Data Name='ProcessId'>0x5c70</Data><Data Name='CommandLine'>""C:\Program Files (x86)\Tanium\Tanium Client\TaniumClient.exe"" -a</Data><Data Name='TargetUserSid'>S-1-0-0</Data><Data Name='TargetUserName'>-</Data><Data Name='TargetDomainName'>-</Data><Data Name='TargetLogonId'>0x0</Data><Data Name='ParentProcessName'>C:\Program Files (x86)\Tanium\Tanium Client\TaniumClient.exe</Data><Data Name='MandatoryLabel'>S-1-16-16384</Data></EventData><RenderingInfo Culture='en-US'><Message>A new process has been created.&#x0A;&#x0A;Creator Subject:&#x0A;	Security ID:		S-1-5-18&#x0A;	Account Name:		PAVW78fb$&#x0A;	Account Domain:		ADHCSCINT&#x0A;	Logon ID:		0x3E7&#x0A;&#x0A;Target Subject:&#x0A;	Security ID:		S-1-0-0&#x0A;	Account Name:		-&#x0A;	Account Domain:		-&#x0A;	Logon ID:		0x0&#x0A;&#x0A;Process Information:&#x0A;	New Process ID:		0x5db4&#x0A;	New Process Name:	C:\Program Files (x86)\Tanium\Tanium Client\TaniumClient.exe&#x0A;	Token Elevation Type:	%%1936&#x0A;	Mandatory Label:		S-1-16-16384&#x0A;	Creator Process ID:	0x5c70&#x0A;	Creator Process Name:	C:\Program Files (x86)\Tanium\Tanium Client\TaniumClient.exe&#x0A;	Process Command Line:	""C:\Program Files (x86)\Tanium\Tanium Client\TaniumClient.exe"" -a&#x0A;&#x0A;Token Elevation Type indicates the type of token that was assigned to the new process in accordance with User Account Control policy.&#x0A;&#x0A;Type 1 is a full token with no privileges removed or groups disabled.  A full token is only used if User Account Control is disabled or if the user is the built-in Administrator account or a service account.&#x0A;&#x0A;Type 2 is an elevated token with no privileges removed or groups disabled.  An elevated token is used when User Account Control is enabled and the user chooses to start the program using Run as administrator.  An elevated token is also used when an application is configured to always require administrative privilege or to always require maximum privilege, and the user is a member of the Administrators group.&#x0A;&#x0A;Type 3 is a limited token with administrative privileges removed and administrative groups disabled.  The limited token is used when User Account Control is enabled, the application does not require administrative privilege, and the user does not choose to start the program using Run as administrator.</Message><Level>Information</Level><Task>Process Creation</Task><Opcode>Info</Opcode><Channel>Security</Channel><Provider>Microsoft Windows security auditing.</Provider><Keywords><Keyword>Audit Success</Keyword></Keywords></RenderingInfo></Event>"	"[""Audit Success""]"		PAVW78fb.adhcscint.net	information			"{""SubjectUserSid"":""S-1-5-18"",""SubjectUserName"":""PAVW78fb$"",""SubjectDomainName"":""ADHCSCINT"",""SubjectLogonId"":""0x3e7"",""NewProcessId"":""0x5db4"",""NewProcessName"":""C:\\Program Files (x86)\\Tanium\\Tanium Client\\TaniumClient.exe"",""TokenElevationType"":""%%1936"",""ProcessId"":""0x5c70"",""CommandLine"":""\""C:\\Program Files (x86)\\Tanium\\Tanium Client\\TaniumClient.exe\"" -a"",""TargetUserSid"":""S-1-0-0"",""TargetUserName"":""-"",""TargetDomainName"":""-"",""TargetLogonId"":""0x0"",""ParentProcessName"":""C:\\Program Files (x86)\\Tanium\\Tanium Client\\TaniumClient.exe"",""MandatoryLabel"":""S-1-16-16384""}"					Process Creation	success			PAVW78fb.adhcscint.net	{54849625-5478-4994-a5ba-3e3b0328c30d}	Microsoft-Windows-Security-Auditing		WEC	pwauvaapp04.app.hcscint.net	W3NLUUVP	10.139.248.207	pwauvaapp04		PAVW78fb.adhcscint.net	10.139.249.103
Jun 02 2026 03:40:34	0	2	4688	74129560		4	Jun 02 2026 03:41:06	Jun 02 2026 03:40:34	560	1780389666524	LVYHauViDRnHaDRXECMd6Q==:2:897:1170		Process Creation		Info	Microsoft	Security	"A new process has been created.

Creator Subject:
	Security ID:		S-1-5-18
	Account Name:		DPF0I3S8$
	Account Domain:		ADHCSCINT
	Logon ID:		0x3E7

Target Subject:
	Security ID:		S-1-0-0
	Account Name:		-
	Account Domain:		-
	Logon ID:		0x0

Process Information:
	New Process ID:		0x27f8
	New Process Name:	C:\Program Files (x86)\Tanium\Tanium Client\TaniumClient.exe
	Token Elevation Type:	%%1936
	Mandatory Label:		S-1-16-16384
	Creator Process ID:	0x1ec0
	Creator Process Name:	C:\Program Files (x86)\Tanium\Tanium Client\TaniumClient.exe
	Process Command Line:	""C:\Program Files (x86)\Tanium\Tanium Client\TaniumClient.exe"" -a

Token Elevation Type indicates the type of token that was assigned to the new process in accordance with User Account Control policy.

Type 1 is a full token with no privileges removed or groups disabled.  A full token is only used if User Account Control is disabled or if the user is the built-in Administrator account or a service account.

Type 2 is an elevated token with no privileges removed or groups disabled.  An elevated token is used when User Account Control is enabled and the user chooses to start the program using Run as administrator.  An elevated token is also used when an application is configured to always require administrative privilege or to always require maximum privilege, and the user is a member of the Administrators group.

Type 3 is a limited token with administrative privileges removed and administrative groups disabled.  The limited token is used when User Account Control is enabled, the application does not require administrative privilege, and the user does not choose to start the program using Run as administrator."	Windows	"<Event xmlns='http://schemas.microsoft.com/win/2004/08/events/event'><System><Provider Name='Microsoft-Windows-Security-Auditing' Guid='{54849625-5478-4994-a5ba-3e3b0328c30d}'/><EventID>4688</EventID><Version>2</Version><Level>0</Level><Task>13312</Task><Opcode>0</Opcode><Keywords>0x8020000000000000</Keywords><TimeCreated SystemTime='2026-06-02T08:40:34.2242693Z'/><EventRecordID>74129560</EventRecordID><Correlation/><Execution ProcessID='4' ThreadID='560'/><Channel>Security</Channel><Computer>DPF0I3S8.adhcscint.net</Computer><Security/></System><EventData><Data Name='SubjectUserSid'>S-1-5-18</Data><Data Name='SubjectUserName'>DPF0I3S8$</Data><Data Name='SubjectDomainName'>ADHCSCINT</Data><Data Name='SubjectLogonId'>0x3e7</Data><Data Name='NewProcessId'>0x27f8</Data><Data Name='NewProcessName'>C:\Program Files (x86)\Tanium\Tanium Client\TaniumClient.exe</Data><Data Name='TokenElevationType'>%%1936</Data><Data Name='ProcessId'>0x1ec0</Data><Data Name='CommandLine'>""C:\Program Files (x86)\Tanium\Tanium Client\TaniumClient.exe"" -a</Data><Data Name='TargetUserSid'>S-1-0-0</Data><Data Name='TargetUserName'>-</Data><Data Name='TargetDomainName'>-</Data><Data Name='TargetLogonId'>0x0</Data><Data Name='ParentProcessName'>C:\Program Files (x86)\Tanium\Tanium Client\TaniumClient.exe</Data><Data Name='MandatoryLabel'>S-1-16-16384</Data></EventData><RenderingInfo Culture='en-US'><Message>A new process has been created.&#x0A;&#x0A;Creator Subject:&#x0A;	Security ID:		S-1-5-18&#x0A;	Account Name:		DPF0I3S8$&#x0A;	Account Domain:		ADHCSCINT&#x0A;	Logon ID:		0x3E7&#x0A;&#x0A;Target Subject:&#x0A;	Security ID:		S-1-0-0&#x0A;	Account Name:		-&#x0A;	Account Domain:		-&#x0A;	Logon ID:		0x0&#x0A;&#x0A;Process Information:&#x0A;	New Process ID:		0x27f8&#x0A;	New Process Name:	C:\Program Files (x86)\Tanium\Tanium Client\TaniumClient.exe&#x0A;	Token Elevation Type:	%%1936&#x0A;	Mandatory Label:		S-1-16-16384&#x0A;	Creator Process ID:	0x1ec0&#x0A;	Creator Process Name:	C:\Program Files (x86)\Tanium\Tanium Client\TaniumClient.exe&#x0A;	Process Command Line:	""C:\Program Files (x86)\Tanium\Tanium Client\TaniumClient.exe"" -a&#x0A;&#x0A;Token Elevation Type indicates the type of token that was assigned to the new process in accordance with User Account Control policy.&#x0A;&#x0A;Type 1 is a full token with no privileges removed or groups disabled.  A full token is only used if User Account Control is disabled or if the user is the built-in Administrator account or a service account.&#x0A;&#x0A;Type 2 is an elevated token with no privileges removed or groups disabled.  An elevated token is used when User Account Control is enabled and the user chooses to start the program using Run as administrator.  An elevated token is also used when an application is configured to always require administrative privilege or to always require maximum privilege, and the user is a member of the Administrators group.&#x0A;&#x0A;Type 3 is a limited token with administrative privileges removed and administrative groups disabled.  The limited token is used when User Account Control is enabled, the application does not require administrative privilege, and the user does not choose to start the program using Run as administrator.</Message><Level>Information</Level><Task>Process Creation</Task><Opcode>Info</Opcode><Channel>Security</Channel><Provider>Microsoft Windows security auditing.</Provider><Keywords><Keyword>Audit Success</Keyword></Keywords></RenderingInfo></Event>"	"[""Audit Success""]"		DPF0I3S8.adhcscint.net	information			"{""SubjectUserSid"":""S-1-5-18"",""SubjectUserName"":""DPF0I3S8$"",""SubjectDomainName"":""ADHCSCINT"",""SubjectLogonId"":""0x3e7"",""NewProcessId"":""0x27f8"",""NewProcessName"":""C:\\Program Files (x86)\\Tanium\\Tanium Client\\TaniumClient.exe"",""TokenElevationType"":""%%1936"",""ProcessId"":""0x1ec0"",""CommandLine"":""\""C:\\Program Files (x86)\\Tanium\\Tanium Client\\TaniumClient.exe\"" -a"",""TargetUserSid"":""S-1-0-0"",""TargetUserName"":""-"",""TargetDomainName"":""-"",""TargetLogonId"":""0x0"",""ParentProcessName"":""C:\\Program Files (x86)\\Tanium\\Tanium Client\\TaniumClient.exe"",""MandatoryLabel"":""S-1-16-16384""}"					Process Creation	success			DPF0I3S8.adhcscint.net	{54849625-5478-4994-a5ba-3e3b0328c30d}	Microsoft-Windows-Security-Auditing		WEC	pwauvaapp04.app.hcscint.net	W3NLUUVP	10.139.248.207	pwauvaapp04		DPF0I3S8.adhcscint.net	10.139.249.103
Jun 02 2026 03:40:41	0	2	4688	109560997		4	Jun 02 2026 03:41:06	Jun 02 2026 03:40:41	10772	1780389666524	LVYHauViDRnHaDRXECMd6Q==:5:897:1170		Process Creation		Info	Microsoft	Security	"A new process has been created.

Creator Subject:
	Security ID:		S-1-5-18
	Account Name:		L9V82SI2$
	Account Domain:		ADHCSCINT
	Logon ID:		0x3E7

Target Subject:
	Security ID:		S-1-0-0
	Account Name:		-
	Account Domain:		-
	Logon ID:		0x0

Process Information:
	New Process ID:		0x665c
	New Process Name:	C:\Program Files\Windows Defender Advanced Threat Protection\SenseImdsCollector.exe
	Token Elevation Type:	%%1936
	Mandatory Label:		S-1-16-4096
	Creator Process ID:	0x17c4
	Creator Process Name:	C:\Program Files\Windows Defender Advanced Threat Protection\MsSense.exe
	Process Command Line:	""C:\Program Files\Windows Defender Advanced Threat Protection\SenseImdsCollector.exe"" 1 1

Token Elevation Type indicates the type of token that was assigned to the new process in accordance with User Account Control policy.

Type 1 is a full token with no privileges removed or groups disabled.  A full token is only used if User Account Control is disabled or if the user is the built-in Administrator account or a service account.

Type 2 is an elevated token with no privileges removed or groups disabled.  An elevated token is used when User Account Control is enabled and the user chooses to start the program using Run as administrator.  An elevated token is also used when an application is configured to always require administrative privilege or to always require maximum privilege, and the user is a member of the Administrators group.

Type 3 is a limited token with administrative privileges removed and administrative groups disabled.  The limited token is used when User Account Control is enabled, the application does not require administrative privilege, and the user does not choose to start the program using Run as administrator."	Windows	"<Event xmlns='http://schemas.microsoft.com/win/2004/08/events/event'><System><Provider Name='Microsoft-Windows-Security-Auditing' Guid='{54849625-5478-4994-a5ba-3e3b0328c30d}'/><EventID>4688</EventID><Version>2</Version><Level>0</Level><Task>13312</Task><Opcode>0</Opcode><Keywords>0x8020000000000000</Keywords><TimeCreated SystemTime='2026-06-02T08:40:41.2672257Z'/><EventRecordID>109560997</EventRecordID><Correlation/><Execution ProcessID='4' ThreadID='10772'/><Channel>Security</Channel><Computer>L9V82SI2.adhcscint.net</Computer><Security/></System><EventData><Data Name='SubjectUserSid'>S-1-5-18</Data><Data Name='SubjectUserName'>L9V82SI2$</Data><Data Name='SubjectDomainName'>ADHCSCINT</Data><Data Name='SubjectLogonId'>0x3e7</Data><Data Name='NewProcessId'>0x665c</Data><Data Name='NewProcessName'>C:\Program Files\Windows Defender Advanced Threat Protection\SenseImdsCollector.exe</Data><Data Name='TokenElevationType'>%%1936</Data><Data Name='ProcessId'>0x17c4</Data><Data Name='CommandLine'>""C:\Program Files\Windows Defender Advanced Threat Protection\SenseImdsCollector.exe"" 1 1</Data><Data Name='TargetUserSid'>S-1-0-0</Data><Data Name='TargetUserName'>-</Data><Data Name='TargetDomainName'>-</Data><Data Name='TargetLogonId'>0x0</Data><Data Name='ParentProcessName'>C:\Program Files\Windows Defender Advanced Threat Protection\MsSense.exe</Data><Data Name='MandatoryLabel'>S-1-16-4096</Data></EventData><RenderingInfo Culture='en-US'><Message>A new process has been created.&#x0A;&#x0A;Creator Subject:&#x0A;	Security ID:		S-1-5-18&#x0A;	Account Name:		L9V82SI2$&#x0A;	Account Domain:		ADHCSCINT&#x0A;	Logon ID:		0x3E7&#x0A;&#x0A;Target Subject:&#x0A;	Security ID:		S-1-0-0&#x0A;	Account Name:		-&#x0A;	Account Domain:		-&#x0A;	Logon ID:		0x0&#x0A;&#x0A;Process Information:&#x0A;	New Process ID:		0x665c&#x0A;	New Process Name:	C:\Program Files\Windows Defender Advanced Threat Protection\SenseImdsCollector.exe&#x0A;	Token Elevation Type:	%%1936&#x0A;	Mandatory Label:		S-1-16-4096&#x0A;	Creator Process ID:	0x17c4&#x0A;	Creator Process Name:	C:\Program Files\Windows Defender Advanced Threat Protection\MsSense.exe&#x0A;	Process Command Line:	""C:\Program Files\Windows Defender Advanced Threat Protection\SenseImdsCollector.exe"" 1 1&#x0A;&#x0A;Token Elevation Type indicates the type of token that was assigned to the new process in accordance with User Account Control policy.&#x0A;&#x0A;Type 1 is a full token with no privileges removed or groups disabled.  A full token is only used if User Account Control is disabled or if the user is the built-in Administrator account or a service account.&#x0A;&#x0A;Type 2 is an elevated token with no privileges removed or groups disabled.  An elevated token is used when User Account Control is enabled and the user chooses to start the program using Run as administrator.  An elevated token is also used when an application is configured to always require administrative privilege or to always require maximum privilege, and the user is a member of the Administrators group.&#x0A;&#x0A;Type 3 is a limited token with administrative privileges removed and administrative groups disabled.  The limited token is used when User Account Control is enabled, the application does not require administrative privilege, and the user does not choose to start the program using Run as administrator.</Message><Level>Information</Level><Task>Process Creation</Task><Opcode>Info</Opcode><Channel>Security</Channel><Provider>Microsoft Windows security auditing.</Provider><Keywords><Keyword>Audit Success</Keyword></Keywords></RenderingInfo></Event>"	"[""Audit Success""]"		L9V82SI2.adhcscint.net	information			"{""SubjectUserSid"":""S-1-5-18"",""SubjectUserName"":""L9V82SI2$"",""SubjectDomainName"":""ADHCSCINT"",""SubjectLogonId"":""0x3e7"",""NewProcessId"":""0x665c"",""NewProcessName"":""C:\\Program Files\\Windows Defender Advanced Threat Protection\\SenseImdsCollector.exe"",""TokenElevationType"":""%%1936"",""ProcessId"":""0x17c4"",""CommandLine"":""\""C:\\Program Files\\Windows Defender Advanced Threat Protection\\SenseImdsCollector.exe\"" 1 1"",""TargetUserSid"":""S-1-0-0"",""TargetUserName"":""-"",""TargetDomainName"":""-"",""TargetLogonId"":""0x0"",""ParentProcessName"":""C:\\Program Files\\Windows Defender Advanced Threat Protection\\MsSense.exe"",""MandatoryLabel"":""S-1-16-4096""}"					Process Creation	success			L9V82SI2.adhcscint.net	{54849625-5478-4994-a5ba-3e3b0328c30d}	Microsoft-Windows-Security-Auditing		WEC	pwauvaapp04.app.hcscint.net	W3NLUUVP	10.139.248.207	pwauvaapp04		L9V82SI2.adhcscint.net	10.139.249.103
Jun 02 2026 03:40:34	0	2	4688	847865882		4	Jun 02 2026 03:41:06	Jun 02 2026 03:40:34	10352	1780389666524	LVYHauViDRnHaDRXECMd6Q==:9:897:1170		Process Creation		Info	Microsoft	Security	"A new process has been created.

Creator Subject:
	Security ID:		S-1-5-18
	Account Name:		VT020666$
	Account Domain:		ADHCSCINT
	Logon ID:		0x3E7

Target Subject:
	Security ID:		S-1-0-0
	Account Name:		-
	Account Domain:		-
	Logon ID:		0x0

Process Information:
	New Process ID:		0x21fc
	New Process Name:	C:\Windows\System32\taskhostw.exe
	Token Elevation Type:	%%1936
	Mandatory Label:		S-1-16-16384
	Creator Process ID:	0xd68
	Creator Process Name:	C:\Windows\System32\svchost.exe
	Process Command Line:	taskhostw.exe SYSTEM

Token Elevation Type indicates the type of token that was assigned to the new process in accordance with User Account Control policy.

Type 1 is a full token with no privileges removed or groups disabled.  A full token is only used if User Account Control is disabled or if the user is the built-in Administrator account or a service account.

Type 2 is an elevated token with no privileges removed or groups disabled.  An elevated token is used when User Account Control is enabled and the user chooses to start the program using Run as administrator.  An elevated token is also used when an application is configured to always require administrative privilege or to always require maximum privilege, and the user is a member of the Administrators group.

Type 3 is a limited token with administrative privileges removed and administrative groups disabled.  The limited token is used when User Account Control is enabled, the application does not require administrative privilege, and the user does not choose to start the program using Run as administrator."	Windows	"<Event xmlns='http://schemas.microsoft.com/win/2004/08/events/event'><System><Provider Name='Microsoft-Windows-Security-Auditing' Guid='{54849625-5478-4994-a5ba-3e3b0328c30d}'/><EventID>4688</EventID><Version>2</Version><Level>0</Level><Task>13312</Task><Opcode>0</Opcode><Keywords>0x8020000000000000</Keywords><TimeCreated SystemTime='2026-06-02T08:40:34.0772462Z'/><EventRecordID>847865882</EventRecordID><Correlation/><Execution ProcessID='4' ThreadID='10352'/><Channel>Security</Channel><Computer>vt020666.adhcscint.net</Computer><Security/></System><EventData><Data Name='SubjectUserSid'>S-1-5-18</Data><Data Name='SubjectUserName'>VT020666$</Data><Data Name='SubjectDomainName'>ADHCSCINT</Data><Data Name='SubjectLogonId'>0x3e7</Data><Data Name='NewProcessId'>0x21fc</Data><Data Name='NewProcessName'>C:\Windows\System32\taskhostw.exe</Data><Data Name='TokenElevationType'>%%1936</Data><Data Name='ProcessId'>0xd68</Data><Data Name='CommandLine'>taskhostw.exe SYSTEM</Data><Data Name='TargetUserSid'>S-1-0-0</Data><Data Name='TargetUserName'>-</Data><Data Name='TargetDomainName'>-</Data><Data Name='TargetLogonId'>0x0</Data><Data Name='ParentProcessName'>C:\Windows\System32\svchost.exe</Data><Data Name='MandatoryLabel'>S-1-16-16384</Data></EventData><RenderingInfo Culture='en-US'><Message>A new process has been created.&#x0A;&#x0A;Creator Subject:&#x0A;	Security ID:		S-1-5-18&#x0A;	Account Name:		VT020666$&#x0A;	Account Domain:		ADHCSCINT&#x0A;	Logon ID:		0x3E7&#x0A;&#x0A;Target Subject:&#x0A;	Security ID:		S-1-0-0&#x0A;	Account Name:		-&#x0A;	Account Domain:		-&#x0A;	Logon ID:		0x0&#x0A;&#x0A;Process Information:&#x0A;	New Process ID:		0x21fc&#x0A;	New Process Name:	C:\Windows\System32\taskhostw.exe&#x0A;	Token Elevation Type:	%%1936&#x0A;	Mandatory Label:		S-1-16-16384&#x0A;	Creator Process ID:	0xd68&#x0A;	Creator Process Name:	C:\Windows\System32\svchost.exe&#x0A;	Process Command Line:	taskhostw.exe SYSTEM&#x0A;&#x0A;Token Elevation Type indicates the type of token that was assigned to the new process in accordance with User Account Control policy.&#x0A;&#x0A;Type 1 is a full token with no privileges removed or groups disabled.  A full token is only used if User Account Control is disabled or if the user is the built-in Administrator account or a service account.&#x0A;&#x0A;Type 2 is an elevated token with no privileges removed or groups disabled.  An elevated token is used when User Account Control is enabled and the user chooses to start the program using Run as administrator.  An elevated token is also used when an application is configured to always require administrative privilege or to always require maximum privilege, and the user is a member of the Administrators group.&#x0A;&#x0A;Type 3 is a limited token with administrative privileges removed and administrative groups disabled.  The limited token is used when User Account Control is enabled, the application does not require administrative privilege, and the user does not choose to start the program using Run as administrator.</Message><Level>Information</Level><Task>Process Creation</Task><Opcode>Info</Opcode><Channel>Security</Channel><Provider>Microsoft Windows security auditing.</Provider><Keywords><Keyword>Audit Success</Keyword></Keywords></RenderingInfo></Event>"	"[""Audit Success""]"		vt020666.adhcscint.net	information			"{""SubjectUserSid"":""S-1-5-18"",""SubjectUserName"":""VT020666$"",""SubjectDomainName"":""ADHCSCINT"",""SubjectLogonId"":""0x3e7"",""NewProcessId"":""0x21fc"",""NewProcessName"":""C:\\Windows\\System32\\taskhostw.exe"",""TokenElevationType"":""%%1936"",""ProcessId"":""0xd68"",""CommandLine"":""taskhostw.exe SYSTEM"",""TargetUserSid"":""S-1-0-0"",""TargetUserName"":""-"",""TargetDomainName"":""-"",""TargetLogonId"":""0x0"",""ParentProcessName"":""C:\\Windows\\System32\\svchost.exe"",""MandatoryLabel"":""S-1-16-16384""}"					Process Creation	success			vt020666.adhcscint.net	{54849625-5478-4994-a5ba-3e3b0328c30d}	Microsoft-Windows-Security-Auditing		WEC	pwauvaapp04.app.hcscint.net	W3NLUUVP	10.139.248.207	pwauvaapp04		vt020666.adhcscint.net	10.139.249.103
Jun 02 2026 03:40:50	0	2	4688	847865947		4	Jun 02 2026 03:41:06	Jun 02 2026 03:40:50	7368	1780389666524	LVYHauViDRnHaDRXECMd6Q==:11:897:1170		Process Creation		Info	Microsoft	Security	"A new process has been created.

Creator Subject:
	Security ID:		S-1-5-18
	Account Name:		VT020666$
	Account Domain:		ADHCSCINT
	Logon ID:		0x3E7

Target Subject:
	Security ID:		S-1-0-0
	Account Name:		-
	Account Domain:		-
	Logon ID:		0x0

Process Information:
	New Process ID:		0x9ac
	New Process Name:	C:\Windows\System32\raserver.exe
	Token Elevation Type:	%%1936
	Mandatory Label:		S-1-16-16384
	Creator Process ID:	0xd68
	Creator Process Name:	C:\Windows\System32\svchost.exe
	Process Command Line:	""C:\WINDOWS\system32\RAServer.exe"" /offerraupdate

Token Elevation Type indicates the type of token that was assigned to the new process in accordance with User Account Control policy.

Type 1 is a full token with no privileges removed or groups disabled.  A full token is only used if User Account Control is disabled or if the user is the built-in Administrator account or a service account.

Type 2 is an elevated token with no privileges removed or groups disabled.  An elevated token is used when User Account Control is enabled and the user chooses to start the program using Run as administrator.  An elevated token is also used when an application is configured to always require administrative privilege or to always require maximum privilege, and the user is a member of the Administrators group.

Type 3 is a limited token with administrative privileges removed and administrative groups disabled.  The limited token is used when User Account Control is enabled, the application does not require administrative privilege, and the user does not choose to start the program using Run as administrator."	Windows	"<Event xmlns='http://schemas.microsoft.com/win/2004/08/events/event'><System><Provider Name='Microsoft-Windows-Security-Auditing' Guid='{54849625-5478-4994-a5ba-3e3b0328c30d}'/><EventID>4688</EventID><Version>2</Version><Level>0</Level><Task>13312</Task><Opcode>0</Opcode><Keywords>0x8020000000000000</Keywords><TimeCreated SystemTime='2026-06-02T08:40:50.4654139Z'/><EventRecordID>847865947</EventRecordID><Correlation/><Execution ProcessID='4' ThreadID='7368'/><Channel>Security</Channel><Computer>vt020666.adhcscint.net</Computer><Security/></System><EventData><Data Name='SubjectUserSid'>S-1-5-18</Data><Data Name='SubjectUserName'>VT020666$</Data><Data Name='SubjectDomainName'>ADHCSCINT</Data><Data Name='SubjectLogonId'>0x3e7</Data><Data Name='NewProcessId'>0x9ac</Data><Data Name='NewProcessName'>C:\Windows\System32\raserver.exe</Data><Data Name='TokenElevationType'>%%1936</Data><Data Name='ProcessId'>0xd68</Data><Data Name='CommandLine'>""C:\WINDOWS\system32\RAServer.exe"" /offerraupdate</Data><Data Name='TargetUserSid'>S-1-0-0</Data><Data Name='TargetUserName'>-</Data><Data Name='TargetDomainName'>-</Data><Data Name='TargetLogonId'>0x0</Data><Data Name='ParentProcessName'>C:\Windows\System32\svchost.exe</Data><Data Name='MandatoryLabel'>S-1-16-16384</Data></EventData><RenderingInfo Culture='en-US'><Message>A new process has been created.&#x0A;&#x0A;Creator Subject:&#x0A;	Security ID:		S-1-5-18&#x0A;	Account Name:		VT020666$&#x0A;	Account Domain:		ADHCSCINT&#x0A;	Logon ID:		0x3E7&#x0A;&#x0A;Target Subject:&#x0A;	Security ID:		S-1-0-0&#x0A;	Account Name:		-&#x0A;	Account Domain:		-&#x0A;	Logon ID:		0x0&#x0A;&#x0A;Process Information:&#x0A;	New Process ID:		0x9ac&#x0A;	New Process Name:	C:\Windows\System32\raserver.exe&#x0A;	Token Elevation Type:	%%1936&#x0A;	Mandatory Label:		S-1-16-16384&#x0A;	Creator Process ID:	0xd68&#x0A;	Creator Process Name:	C:\Windows\System32\svchost.exe&#x0A;	Process Command Line:	""C:\WINDOWS\system32\RAServer.exe"" /offerraupdate&#x0A;&#x0A;Token Elevation Type indicates the type of token that was assigned to the new process in accordance with User Account Control policy.&#x0A;&#x0A;Type 1 is a full token with no privileges removed or groups disabled.  A full token is only used if User Account Control is disabled or if the user is the built-in Administrator account or a service account.&#x0A;&#x0A;Type 2 is an elevated token with no privileges removed or groups disabled.  An elevated token is used when User Account Control is enabled and the user chooses to start the program using Run as administrator.  An elevated token is also used when an application is configured to always require administrative privilege or to always require maximum privilege, and the user is a member of the Administrators group.&#x0A;&#x0A;Type 3 is a limited token with administrative privileges removed and administrative groups disabled.  The limited token is used when User Account Control is enabled, the application does not require administrative privilege, and the user does not choose to start the program using Run as administrator.</Message><Level>Information</Level><Task>Process Creation</Task><Opcode>Info</Opcode><Channel>Security</Channel><Provider>Microsoft Windows security auditing.</Provider><Keywords><Keyword>Audit Success</Keyword></Keywords></RenderingInfo></Event>"	"[""Audit Success""]"		vt020666.adhcscint.net	information			"{""SubjectUserSid"":""S-1-5-18"",""SubjectUserName"":""VT020666$"",""SubjectDomainName"":""ADHCSCINT"",""SubjectLogonId"":""0x3e7"",""NewProcessId"":""0x9ac"",""NewProcessName"":""C:\\Windows\\System32\\raserver.exe"",""TokenElevationType"":""%%1936"",""ProcessId"":""0xd68"",""CommandLine"":""\""C:\\WINDOWS\\system32\\RAServer.exe\"" /offerraupdate"",""TargetUserSid"":""S-1-0-0"",""TargetUserName"":""-"",""TargetDomainName"":""-"",""TargetLogonId"":""0x0"",""ParentProcessName"":""C:\\Windows\\System32\\svchost.exe"",""MandatoryLabel"":""S-1-16-16384""}"					Process Creation	success			vt020666.adhcscint.net	{54849625-5478-4994-a5ba-3e3b0328c30d}	Microsoft-Windows-Security-Auditing		WEC	pwauvaapp04.app.hcscint.net	W3NLUUVP	10.139.248.207	pwauvaapp04		vt020666.adhcscint.net	10.139.249.103
Jun 02 2026 03:40:34	0	2	4688	854395676		4	Jun 02 2026 03:41:06	Jun 02 2026 03:40:34	8128	1780389666524	LVYHauViDRnHaDRXECMd6Q==:16:897:1170		Process Creation		Info	Microsoft	Security	"A new process has been created.

Creator Subject:
	Security ID:		S-1-5-18
	Account Name:		VT025673$
	Account Domain:		ADHCSCINT
	Logon ID:		0x3E7

Target Subject:
	Security ID:		S-1-0-0
	Account Name:		VT025673$
	Account Domain:		ADHCSCINT
	Logon ID:		0x3E4

Process Information:
	New Process ID:		0x50c
	New Process Name:	C:\ProgramData\Microsoft\Windows Defender\Platform\4.18.26030.3011-0\MpCmdRun.exe
	Token Elevation Type:	%%1936
	Mandatory Label:		S-1-16-16384
	Creator Process ID:	0x1614
	Creator Process Name:	C:\ProgramData\Microsoft\Windows Defender\Platform\4.18.26030.3011-0\MsMpEng.exe
	Process Command Line:	""C:\ProgramData\Microsoft\Windows Defender\Platform\4.18.26030.3011-0\MpCmdRun.exe"" GetDeviceTicket -AccessKey 5BF6704B-7E5A-6C24-15C7-C7F84A3BC507 

Token Elevation Type indicates the type of token that was assigned to the new process in accordance with User Account Control policy.

Type 1 is a full token with no privileges removed or groups disabled.  A full token is only used if User Account Control is disabled or if the user is the built-in Administrator account or a service account.

Type 2 is an elevated token with no privileges removed or groups disabled.  An elevated token is used when User Account Control is enabled and the user chooses to start the program using Run as administrator.  An elevated token is also used when an application is configured to always require administrative privilege or to always require maximum privilege, and the user is a member of the Administrators group.

Type 3 is a limited token with administrative privileges removed and administrative groups disabled.  The limited token is used when User Account Control is enabled, the application does not require administrative privilege, and the user does not choose to start the program using Run as administrator."	Windows	"<Event xmlns='http://schemas.microsoft.com/win/2004/08/events/event'><System><Provider Name='Microsoft-Windows-Security-Auditing' Guid='{54849625-5478-4994-a5ba-3e3b0328c30d}'/><EventID>4688</EventID><Version>2</Version><Level>0</Level><Task>13312</Task><Opcode>0</Opcode><Keywords>0x8020000000000000</Keywords><TimeCreated SystemTime='2026-06-02T08:40:34.1193553Z'/><EventRecordID>854395676</EventRecordID><Correlation/><Execution ProcessID='4' ThreadID='8128'/><Channel>Security</Channel><Computer>vt025673.adhcscint.net</Computer><Security/></System><EventData><Data Name='SubjectUserSid'>S-1-5-18</Data><Data Name='SubjectUserName'>VT025673$</Data><Data Name='SubjectDomainName'>ADHCSCINT</Data><Data Name='SubjectLogonId'>0x3e7</Data><Data Name='NewProcessId'>0x50c</Data><Data Name='NewProcessName'>C:\ProgramData\Microsoft\Windows Defender\Platform\4.18.26030.3011-0\MpCmdRun.exe</Data><Data Name='TokenElevationType'>%%1936</Data><Data Name='ProcessId'>0x1614</Data><Data Name='CommandLine'>""C:\ProgramData\Microsoft\Windows Defender\Platform\4.18.26030.3011-0\MpCmdRun.exe"" GetDeviceTicket -AccessKey 5BF6704B-7E5A-6C24-15C7-C7F84A3BC507 </Data><Data Name='TargetUserSid'>S-1-0-0</Data><Data Name='TargetUserName'>VT025673$</Data><Data Name='TargetDomainName'>ADHCSCINT</Data><Data Name='TargetLogonId'>0x3e4</Data><Data Name='ParentProcessName'>C:\ProgramData\Microsoft\Windows Defender\Platform\4.18.26030.3011-0\MsMpEng.exe</Data><Data Name='MandatoryLabel'>S-1-16-16384</Data></EventData><RenderingInfo Culture='en-US'><Message>A new process has been created.&#x0A;&#x0A;Creator Subject:&#x0A;	Security ID:		S-1-5-18&#x0A;	Account Name:		VT025673$&#x0A;	Account Domain:		ADHCSCINT&#x0A;	Logon ID:		0x3E7&#x0A;&#x0A;Target Subject:&#x0A;	Security ID:		S-1-0-0&#x0A;	Account Name:		VT025673$&#x0A;	Account Domain:		ADHCSCINT&#x0A;	Logon ID:		0x3E4&#x0A;&#x0A;Process Information:&#x0A;	New Process ID:		0x50c&#x0A;	New Process Name:	C:\ProgramData\Microsoft\Windows Defender\Platform\4.18.26030.3011-0\MpCmdRun.exe&#x0A;	Token Elevation Type:	%%1936&#x0A;	Mandatory Label:		S-1-16-16384&#x0A;	Creator Process ID:	0x1614&#x0A;	Creator Process Name:	C:\ProgramData\Microsoft\Windows Defender\Platform\4.18.26030.3011-0\MsMpEng.exe&#x0A;	Process Command Line:	""C:\ProgramData\Microsoft\Windows Defender\Platform\4.18.26030.3011-0\MpCmdRun.exe"" GetDeviceTicket -AccessKey 5BF6704B-7E5A-6C24-15C7-C7F84A3BC507 &#x0A;&#x0A;Token Elevation Type indicates the type of token that was assigned to the new process in accordance with User Account Control policy.&#x0A;&#x0A;Type 1 is a full token with no privileges removed or groups disabled.  A full token is only used if User Account Control is disabled or if the user is the built-in Administrator account or a service account.&#x0A;&#x0A;Type 2 is an elevated token with no privileges removed or groups disabled.  An elevated token is used when User Account Control is enabled and the user chooses to start the program using Run as administrator.  An elevated token is also used when an application is configured to always require administrative privilege or to always require maximum privilege, and the user is a member of the Administrators group.&#x0A;&#x0A;Type 3 is a limited token with administrative privileges removed and administrative groups disabled.  The limited token is used when User Account Control is enabled, the application does not require administrative privilege, and the user does not choose to start the program using Run as administrator.</Message><Level>Information</Level><Task>Process Creation</Task><Opcode>Info</Opcode><Channel>Security</Channel><Provider>Microsoft Windows security auditing.</Provider><Keywords><Keyword>Audit Success</Keyword></Keywords></RenderingInfo></Event>"	"[""Audit Success""]"		vt025673.adhcscint.net	information			"{""SubjectUserSid"":""S-1-5-18"",""SubjectUserName"":""VT025673$"",""SubjectDomainName"":""ADHCSCINT"",""SubjectLogonId"":""0x3e7"",""NewProcessId"":""0x50c"",""NewProcessName"":""C:\\ProgramData\\Microsoft\\Windows Defender\\Platform\\4.18.26030.3011-0\\MpCmdRun.exe"",""TokenElevationType"":""%%1936"",""ProcessId"":""0x1614"",""CommandLine"":""\""C:\\ProgramData\\Microsoft\\Windows Defender\\Platform\\4.18.26030.3011-0\\MpCmdRun.exe\"" GetDeviceTicket -AccessKey 5BF6704B-7E5A-6C24-15C7-C7F84A3BC507 "",""TargetUserSid"":""S-1-0-0"",""TargetUserName"":""VT025673$"",""TargetDomainName"":""ADHCSCINT"",""TargetLogonId"":""0x3e4"",""ParentProcessName"":""C:\\ProgramData\\Microsoft\\Windows Defender\\Platform\\4.18.26030.3011-0\\MsMpEng.exe"",""MandatoryLabel"":""S-1-16-16384""}"					Process Creation	success			vt025673.adhcscint.net	{54849625-5478-4994-a5ba-3e3b0328c30d}	Microsoft-Windows-Security-Auditing		WEC	pwauvaapp04.app.hcscint.net	W3NLUUVP	10.139.248.207	pwauvaapp04		vt025673.adhcscint.net	10.139.249.103
Jun 02 2026 03:40:46	0	2	4688	696149540		4	Jun 02 2026 03:41:06	Jun 02 2026 03:40:46	844	1780389666524	LVYHauViDRnHaDRXECMd6Q==:18:897:1170		Process Creation		Info	Microsoft	Security	"A new process has been created.

Creator Subject:
	Security ID:		S-1-5-18
	Account Name:		VT032114$
	Account Domain:		ADHCSCINT
	Logon ID:		0x3E7

Target Subject:
	Security ID:		S-1-0-0
	Account Name:		-
	Account Domain:		-
	Logon ID:		0x0

Process Information:
	New Process ID:		0xf70
	New Process Name:	C:\Windows\System32\svchost.exe
	Token Elevation Type:	%%1936
	Mandatory Label:		S-1-16-16384
	Creator Process ID:	0x6f0
	Creator Process Name:	C:\Windows\System32\services.exe
	Process Command Line:	C:\WINDOWS\system32\svchost.exe -k netsvcs -p -s WpnService

Token Elevation Type indicates the type of token that was assigned to the new process in accordance with User Account Control policy.

Type 1 is a full token with no privileges removed or groups disabled.  A full token is only used if User Account Control is disabled or if the user is the built-in Administrator account or a service account.

Type 2 is an elevated token with no privileges removed or groups disabled.  An elevated token is used when User Account Control is enabled and the user chooses to start the program using Run as administrator.  An elevated token is also used when an application is configured to always require administrative privilege or to always require maximum privilege, and the user is a member of the Administrators group.

Type 3 is a limited token with administrative privileges removed and administrative groups disabled.  The limited token is used when User Account Control is enabled, the application does not require administrative privilege, and the user does not choose to start the program using Run as administrator."	Windows	"<Event xmlns='http://schemas.microsoft.com/win/2004/08/events/event'><System><Provider Name='Microsoft-Windows-Security-Auditing' Guid='{54849625-5478-4994-a5ba-3e3b0328c30d}'/><EventID>4688</EventID><Version>2</Version><Level>0</Level><Task>13312</Task><Opcode>0</Opcode><Keywords>0x8020000000000000</Keywords><TimeCreated SystemTime='2026-06-02T08:40:46.2590001Z'/><EventRecordID>696149540</EventRecordID><Correlation/><Execution ProcessID='4' ThreadID='844'/><Channel>Security</Channel><Computer>vt032114.adhcscint.net</Computer><Security/></System><EventData><Data Name='SubjectUserSid'>S-1-5-18</Data><Data Name='SubjectUserName'>VT032114$</Data><Data Name='SubjectDomainName'>ADHCSCINT</Data><Data Name='SubjectLogonId'>0x3e7</Data><Data Name='NewProcessId'>0xf70</Data><Data Name='NewProcessName'>C:\Windows\System32\svchost.exe</Data><Data Name='TokenElevationType'>%%1936</Data><Data Name='ProcessId'>0x6f0</Data><Data Name='CommandLine'>C:\WINDOWS\system32\svchost.exe -k netsvcs -p -s WpnService</Data><Data Name='TargetUserSid'>S-1-0-0</Data><Data Name='TargetUserName'>-</Data><Data Name='TargetDomainName'>-</Data><Data Name='TargetLogonId'>0x0</Data><Data Name='ParentProcessName'>C:\Windows\System32\services.exe</Data><Data Name='MandatoryLabel'>S-1-16-16384</Data></EventData><RenderingInfo Culture='en-US'><Message>A new process has been created.&#x0A;&#x0A;Creator Subject:&#x0A;	Security ID:		S-1-5-18&#x0A;	Account Name:		VT032114$&#x0A;	Account Domain:		ADHCSCINT&#x0A;	Logon ID:		0x3E7&#x0A;&#x0A;Target Subject:&#x0A;	Security ID:		S-1-0-0&#x0A;	Account Name:		-&#x0A;	Account Domain:		-&#x0A;	Logon ID:		0x0&#x0A;&#x0A;Process Information:&#x0A;	New Process ID:		0xf70&#x0A;	New Process Name:	C:\Windows\System32\svchost.exe&#x0A;	Token Elevation Type:	%%1936&#x0A;	Mandatory Label:		S-1-16-16384&#x0A;	Creator Process ID:	0x6f0&#x0A;	Creator Process Name:	C:\Windows\System32\services.exe&#x0A;	Process Command Line:	C:\WINDOWS\system32\svchost.exe -k netsvcs -p -s WpnService&#x0A;&#x0A;Token Elevation Type indicates the type of token that was assigned to the new process in accordance with User Account Control policy.&#x0A;&#x0A;Type 1 is a full token with no privileges removed or groups disabled.  A full token is only used if User Account Control is disabled or if the user is the built-in Administrator account or a service account.&#x0A;&#x0A;Type 2 is an elevated token with no privileges removed or groups disabled.  An elevated token is used when User Account Control is enabled and the user chooses to start the program using Run as administrator.  An elevated token is also used when an application is configured to always require administrative privilege or to always require maximum privilege, and the user is a member of the Administrators group.&#x0A;&#x0A;Type 3 is a limited token with administrative privileges removed and administrative groups disabled.  The limited token is used when User Account Control is enabled, the application does not require administrative privilege, and the user does not choose to start the program using Run as administrator.</Message><Level>Information</Level><Task>Process Creation</Task><Opcode>Info</Opcode><Channel>Security</Channel><Provider>Microsoft Windows security auditing.</Provider><Keywords><Keyword>Audit Success</Keyword></Keywords></RenderingInfo></Event>"	"[""Audit Success""]"		vt032114.adhcscint.net	information			"{""SubjectUserSid"":""S-1-5-18"",""SubjectUserName"":""VT032114$"",""SubjectDomainName"":""ADHCSCINT"",""SubjectLogonId"":""0x3e7"",""NewProcessId"":""0xf70"",""NewProcessName"":""C:\\Windows\\System32\\svchost.exe"",""TokenElevationType"":""%%1936"",""ProcessId"":""0x6f0"",""CommandLine"":""C:\\WINDOWS\\system32\\svchost.exe -k netsvcs -p -s WpnService"",""TargetUserSid"":""S-1-0-0"",""TargetUserName"":""-"",""TargetDomainName"":""-"",""TargetLogonId"":""0x0"",""ParentProcessName"":""C:\\Windows\\System32\\services.exe"",""MandatoryLabel"":""S-1-16-16384""}"					Process Creation	success			vt032114.adhcscint.net	{54849625-5478-4994-a5ba-3e3b0328c30d}	Microsoft-Windows-Security-Auditing		WEC	pwauvaapp04.app.hcscint.net	W3NLUUVP	10.139.248.207	pwauvaapp04		vt032114.adhcscint.net	10.139.249.103
Jun 02 2026 03:40:50	0	2	4688	37758712		4	Jun 02 2026 03:41:06	Jun 02 2026 03:40:50	6580	1780389666524	LVYHauViDRnHaDRXECMd6Q==:31:897:1170		Process Creation		Info	Microsoft	Security	"A new process has been created.

Creator Subject:
	Security ID:		S-1-5-18
	Account Name:		DBPSO3U8$
	Account Domain:		ADHCSCINT
	Logon ID:		0x3E7

Target Subject:
	Security ID:		S-1-0-0
	Account Name:		-
	Account Domain:		-
	Logon ID:		0x0

Process Information:
	New Process ID:		0x31bc
	New Process Name:	C:\Windows\servicing\TrustedInstaller.exe
	Token Elevation Type:	%%1936
	Mandatory Label:		S-1-16-16384
	Creator Process ID:	0x5b4
	Creator Process Name:	C:\Windows\System32\services.exe
	Process Command Line:	C:\WINDOWS\servicing\TrustedInstaller.exe

Token Elevation Type indicates the type of token that was assigned to the new process in accordance with User Account Control policy.

Type 1 is a full token with no privileges removed or groups disabled.  A full token is only used if User Account Control is disabled or if the user is the built-in Administrator account or a service account.

Type 2 is an elevated token with no privileges removed or groups disabled.  An elevated token is used when User Account Control is enabled and the user chooses to start the program using Run as administrator.  An elevated token is also used when an application is configured to always require administrative privilege or to always require maximum privilege, and the user is a member of the Administrators group.

Type 3 is a limited token with administrative privileges removed and administrative groups disabled.  The limited token is used when User Account Control is enabled, the application does not require administrative privilege, and the user does not choose to start the program using Run as administrator."	Windows	"<Event xmlns='http://schemas.microsoft.com/win/2004/08/events/event'><System><Provider Name='Microsoft-Windows-Security-Auditing' Guid='{54849625-5478-4994-a5ba-3e3b0328c30d}'/><EventID>4688</EventID><Version>2</Version><Level>0</Level><Task>13312</Task><Opcode>0</Opcode><Keywords>0x8020000000000000</Keywords><TimeCreated SystemTime='2026-06-02T08:40:50.9062350Z'/><EventRecordID>37758712</EventRecordID><Correlation/><Execution ProcessID='4' ThreadID='6580'/><Channel>Security</Channel><Computer>DBPSO3U8.adhcscint.net</Computer><Security/></System><EventData><Data Name='SubjectUserSid'>S-1-5-18</Data><Data Name='SubjectUserName'>DBPSO3U8$</Data><Data Name='SubjectDomainName'>ADHCSCINT</Data><Data Name='SubjectLogonId'>0x3e7</Data><Data Name='NewProcessId'>0x31bc</Data><Data Name='NewProcessName'>C:\Windows\servicing\TrustedInstaller.exe</Data><Data Name='TokenElevationType'>%%1936</Data><Data Name='ProcessId'>0x5b4</Data><Data Name='CommandLine'>C:\WINDOWS\servicing\TrustedInstaller.exe</Data><Data Name='TargetUserSid'>S-1-0-0</Data><Data Name='TargetUserName'>-</Data><Data Name='TargetDomainName'>-</Data><Data Name='TargetLogonId'>0x0</Data><Data Name='ParentProcessName'>C:\Windows\System32\services.exe</Data><Data Name='MandatoryLabel'>S-1-16-16384</Data></EventData><RenderingInfo Culture='en-US'><Message>A new process has been created.&#x0A;&#x0A;Creator Subject:&#x0A;	Security ID:		S-1-5-18&#x0A;	Account Name:		DBPSO3U8$&#x0A;	Account Domain:		ADHCSCINT&#x0A;	Logon ID:		0x3E7&#x0A;&#x0A;Target Subject:&#x0A;	Security ID:		S-1-0-0&#x0A;	Account Name:		-&#x0A;	Account Domain:		-&#x0A;	Logon ID:		0x0&#x0A;&#x0A;Process Information:&#x0A;	New Process ID:		0x31bc&#x0A;	New Process Name:	C:\Windows\servicing\TrustedInstaller.exe&#x0A;	Token Elevation Type:	%%1936&#x0A;	Mandatory Label:		S-1-16-16384&#x0A;	Creator Process ID:	0x5b4&#x0A;	Creator Process Name:	C:\Windows\System32\services.exe&#x0A;	Process Command Line:	C:\WINDOWS\servicing\TrustedInstaller.exe&#x0A;&#x0A;Token Elevation Type indicates the type of token that was assigned to the new process in accordance with User Account Control policy.&#x0A;&#x0A;Type 1 is a full token with no privileges removed or groups disabled.  A full token is only used if User Account Control is disabled or if the user is the built-in Administrator account or a service account.&#x0A;&#x0A;Type 2 is an elevated token with no privileges removed or groups disabled.  An elevated token is used when User Account Control is enabled and the user chooses to start the program using Run as administrator.  An elevated token is also used when an application is configured to always require administrative privilege or to always require maximum privilege, and the user is a member of the Administrators group.&#x0A;&#x0A;Type 3 is a limited token with administrative privileges removed and administrative groups disabled.  The limited token is used when User Account Control is enabled, the application does not require administrative privilege, and the user does not choose to start the program using Run as administrator.</Message><Level>Information</Level><Task>Process Creation</Task><Opcode>Info</Opcode><Channel>Security</Channel><Provider>Microsoft Windows security auditing.</Provider><Keywords><Keyword>Audit Success</Keyword></Keywords></RenderingInfo></Event>"	"[""Audit Success""]"		DBPSO3U8.adhcscint.net	information			"{""SubjectUserSid"":""S-1-5-18"",""SubjectUserName"":""DBPSO3U8$"",""SubjectDomainName"":""ADHCSCINT"",""SubjectLogonId"":""0x3e7"",""NewProcessId"":""0x31bc"",""NewProcessName"":""C:\\Windows\\servicing\\TrustedInstaller.exe"",""TokenElevationType"":""%%1936"",""ProcessId"":""0x5b4"",""CommandLine"":""C:\\WINDOWS\\servicing\\TrustedInstaller.exe"",""TargetUserSid"":""S-1-0-0"",""TargetUserName"":""-"",""TargetDomainName"":""-"",""TargetLogonId"":""0x0"",""ParentProcessName"":""C:\\Windows\\System32\\services.exe"",""MandatoryLabel"":""S-1-16-16384""}"					Process Creation	success			DBPSO3U8.adhcscint.net	{54849625-5478-4994-a5ba-3e3b0328c30d}	Microsoft-Windows-Security-Auditing		WEC	pwauvaapp04.app.hcscint.net	W3NLUUVP	10.139.248.207	pwauvaapp04		DBPSO3U8.adhcscint.net	10.139.249.103
Jun 02 2026 03:40:53	0	2	4688	42874730		4	Jun 02 2026 03:41:06	Jun 02 2026 03:40:53	7572	1780389666524	LVYHauViDRnHaDRXECMd6Q==:35:897:1170		Process Creation		Info	Microsoft	Security	"A new process has been created.

Creator Subject:
	Security ID:		S-1-5-18
	Account Name:		DAJ8L8H4$
	Account Domain:		ADHCSCINT
	Logon ID:		0x3E7

Target Subject:
	Security ID:		S-1-0-0
	Account Name:		-
	Account Domain:		-
	Logon ID:		0x0

Process Information:
	New Process ID:		0x4dc8
	New Process Name:	C:\Program Files\CyberArk\Endpoint Privilege Manager\Agent\x32\vf_host.exe
	Token Elevation Type:	%%1936
	Mandatory Label:		S-1-16-16384
	Creator Process ID:	0x439c
	Creator Process Name:	C:\Program Files\CyberArk\Endpoint Privilege Manager\Agent\vf_agent.exe
	Process Command Line:	""C:\Program Files\CyberArk\Endpoint Privilege Manager\Agent\x32\vf_host.exe"" -InjectVfInj 1864

Token Elevation Type indicates the type of token that was assigned to the new process in accordance with User Account Control policy.

Type 1 is a full token with no privileges removed or groups disabled.  A full token is only used if User Account Control is disabled or if the user is the built-in Administrator account or a service account.

Type 2 is an elevated token with no privileges removed or groups disabled.  An elevated token is used when User Account Control is enabled and the user chooses to start the program using Run as administrator.  An elevated token is also used when an application is configured to always require administrative privilege or to always require maximum privilege, and the user is a member of the Administrators group.

Type 3 is a limited token with administrative privileges removed and administrative groups disabled.  The limited token is used when User Account Control is enabled, the application does not require administrative privilege, and the user does not choose to start the program using Run as administrator."	Windows	"<Event xmlns='http://schemas.microsoft.com/win/2004/08/events/event'><System><Provider Name='Microsoft-Windows-Security-Auditing' Guid='{54849625-5478-4994-a5ba-3e3b0328c30d}'/><EventID>4688</EventID><Version>2</Version><Level>0</Level><Task>13312</Task><Opcode>0</Opcode><Keywords>0x8020000000000000</Keywords><TimeCreated SystemTime='2026-06-02T08:40:53.6895860Z'/><EventRecordID>42874730</EventRecordID><Correlation/><Execution ProcessID='4' ThreadID='7572'/><Channel>Security</Channel><Computer>DAJ8L8H4.adhcscint.net</Computer><Security/></System><EventData><Data Name='SubjectUserSid'>S-1-5-18</Data><Data Name='SubjectUserName'>DAJ8L8H4$</Data><Data Name='SubjectDomainName'>ADHCSCINT</Data><Data Name='SubjectLogonId'>0x3e7</Data><Data Name='NewProcessId'>0x4dc8</Data><Data Name='NewProcessName'>C:\Program Files\CyberArk\Endpoint Privilege Manager\Agent\x32\vf_host.exe</Data><Data Name='TokenElevationType'>%%1936</Data><Data Name='ProcessId'>0x439c</Data><Data Name='CommandLine'>""C:\Program Files\CyberArk\Endpoint Privilege Manager\Agent\x32\vf_host.exe"" -InjectVfInj 1864</Data><Data Name='TargetUserSid'>S-1-0-0</Data><Data Name='TargetUserName'>-</Data><Data Name='TargetDomainName'>-</Data><Data Name='TargetLogonId'>0x0</Data><Data Name='ParentProcessName'>C:\Program Files\CyberArk\Endpoint Privilege Manager\Agent\vf_agent.exe</Data><Data Name='MandatoryLabel'>S-1-16-16384</Data></EventData><RenderingInfo Culture='en-US'><Message>A new process has been created.&#x0A;&#x0A;Creator Subject:&#x0A;	Security ID:		S-1-5-18&#x0A;	Account Name:		DAJ8L8H4$&#x0A;	Account Domain:		ADHCSCINT&#x0A;	Logon ID:		0x3E7&#x0A;&#x0A;Target Subject:&#x0A;	Security ID:		S-1-0-0&#x0A;	Account Name:		-&#x0A;	Account Domain:		-&#x0A;	Logon ID:		0x0&#x0A;&#x0A;Process Information:&#x0A;	New Process ID:		0x4dc8&#x0A;	New Process Name:	C:\Program Files\CyberArk\Endpoint Privilege Manager\Agent\x32\vf_host.exe&#x0A;	Token Elevation Type:	%%1936&#x0A;	Mandatory Label:		S-1-16-16384&#x0A;	Creator Process ID:	0x439c&#x0A;	Creator Process Name:	C:\Program Files\CyberArk\Endpoint Privilege Manager\Agent\vf_agent.exe&#x0A;	Process Command Line:	""C:\Program Files\CyberArk\Endpoint Privilege Manager\Agent\x32\vf_host.exe"" -InjectVfInj 1864&#x0A;&#x0A;Token Elevation Type indicates the type of token that was assigned to the new process in accordance with User Account Control policy.&#x0A;&#x0A;Type 1 is a full token with no privileges removed or groups disabled.  A full token is only used if User Account Control is disabled or if the user is the built-in Administrator account or a service account.&#x0A;&#x0A;Type 2 is an elevated token with no privileges removed or groups disabled.  An elevated token is used when User Account Control is enabled and the user chooses to start the program using Run as administrator.  An elevated token is also used when an application is configured to always require administrative privilege or to always require maximum privilege, and the user is a member of the Administrators group.&#x0A;&#x0A;Type 3 is a limited token with administrative privileges removed and administrative groups disabled.  The limited token is used when User Account Control is enabled, the application does not require administrative privilege, and the user does not choose to start the program using Run as administrator.</Message><Level>Information</Level><Task>Process Creation</Task><Opcode>Info</Opcode><Channel>Security</Channel><Provider>Microsoft Windows security auditing.</Provider><Keywords><Keyword>Audit Success</Keyword></Keywords></RenderingInfo></Event>"	"[""Audit Success""]"		DAJ8L8H4.adhcscint.net	information			"{""SubjectUserSid"":""S-1-5-18"",""SubjectUserName"":""DAJ8L8H4$"",""SubjectDomainName"":""ADHCSCINT"",""SubjectLogonId"":""0x3e7"",""NewProcessId"":""0x4dc8"",""NewProcessName"":""C:\\Program Files\\CyberArk\\Endpoint Privilege Manager\\Agent\\x32\\vf_host.exe"",""TokenElevationType"":""%%1936"",""ProcessId"":""0x439c"",""CommandLine"":""\""C:\\Program Files\\CyberArk\\Endpoint Privilege Manager\\Agent\\x32\\vf_host.exe\"" -InjectVfInj 1864"",""TargetUserSid"":""S-1-0-0"",""TargetUserName"":""-"",""TargetDomainName"":""-"",""TargetLogonId"":""0x0"",""ParentProcessName"":""C:\\Program Files\\CyberArk\\Endpoint Privilege Manager\\Agent\\vf_agent.exe"",""MandatoryLabel"":""S-1-16-16384""}"					Process Creation	success			DAJ8L8H4.adhcscint.net	{54849625-5478-4994-a5ba-3e3b0328c30d}	Microsoft-Windows-Security-Auditing		WEC	pwauvaapp04.app.hcscint.net	W3NLUUVP	10.139.248.207	pwauvaapp04		DAJ8L8H4.adhcscint.net	10.139.249.103
